tmc,am_lottr,pm_lottr
129+04099,1.0566037735849056,1.207142857142857
129+04100,1.0571428571428572,1.3235294117647058
129+04101,1.027777777777778,1.2241379310344829
129+04102,1.1153846153846152,1.1851851851851851
129+04103,2.484076433121019,1.6810344827586208
129+04104,2.652173913043478,1.1724137931034484
129+04105,1.3924050632911393,1.1395348837209303
129+04106,1.3627118644067795,2.132530120481928
129+04107,1.25,2.0547945205479454
129+04108,1.3633333333333333,1.4758620689655173
129+04109,1.1650485436893203,1.1805555555555556
129+04110,1.24,1.1139240506329113
129+04111,1.1233766233766234,1.1428571428571428
129+04112,1.15,1.0
129+04113,1.054726368159204,1.0359712230215827
129+04114,1.102941176470588,1.0465116279069768
129+04115,1.0909090909090908,1.0
129+04116,2.6419753086419755,1.713815789473684
129+04117,2.15,1.5
129+04118,2.4285714285714284,1.2857142857142858
129+04119,2.0,1.24
129+04120,1.727272727272727,1.303225806451613
129+04121,1.4285714285714286,1.3289473684210527
129+04122,1.4634146341463414,1.3333333333333335
129+04123,1.1052631578947367,1.3442622950819672
129+04124,1.06,1.25
129+04125,1.0465116279069768,1.1627906976744187
129+04126,1.0434782608695652,1.2310756972111554
129+04127,1.0,1.2151898734177213
129+04128,1.0689655172413794,1.2499999999999998
129+04129,1.0434782608695652,1.2407407407407407
129+04130,1.076923076923077,1.2678571428571426
129+04131,1.164772727272727,1.2645914396887161
129+04132,2.0588235294117645,1.5454545454545456
129+04133,2.2682926829268295,1.3285714285714287
129+04134,2.0,1.2442396313364057
129+04135,1.0273972602739727,1.2109375
129+04136,1.0232558139534884,1.4639175257731958
129+04137,1.046728971962617,1.56
129+04138,1.0344827586206897,1.5588235294117647
129+04139,1.0301724137931036,1.345505617977528
129+04140,1.0344827586206897,1.4892086330935252
129+04141,1.0731707317073171,1.5575221238938055
129+04142,1.0264900662251655,1.7251908396946563
129+04143,1.02,1.2098765432098764
129+04144,1.0454545454545454,1.105263157894737
129+04145,1.125,1.0
129+04146,1.0540540540540542,1.0256410256410258
129+04178,1.0476190476190477,1.0264550264550265
129+04179,1.0469973890339426,1.0469973890339426
129+04180,1.0437956204379562,1.0437956204379562
129+04181,1.032258064516129,1.0666666666666667
129+04182,1.0457516339869282,1.0326797385620916
129+04183,1.04,1.04
129+04184,1.0531914893617023,1.032258064516129
129+04185,1.046875,1.046875
129+04186,1.051470588235294,1.044776119402985
129+04187,1.0450819672131146,1.0458333333333334
129+04188,1.047872340425532,1.0465753424657533
129+04189,1.030878859857482,1.030878859857482
129+04190,1.0484581497797356,1.0484581497797356
129+04191,2.1062499999999997,1.0333333333333334
129+04192,1.6016771488469603,1.0329670329670328
129+04193,1.2,1.0508474576271187
129+04194,1.271523178807947,1.0395833333333637
129+04195,1.5,1.0
129+04216,1.0483870967741935,1.046875
129+04243,1.028985507246377,1.4360313315926894
129+04244,1.0305343511450382,1.26265389876881
129+04245,1.0084033613445378,1.116504854368932
129+04246,1.0297619047619049,1.0864864864864863
129+04247,1.0555555555555556,1.025
129+04248,1.0714285714285714,1.0
129+04249,1.0,1.5
129+04250,1.0300751879699248,1.2
129+04251,1.029585798816568,1.1989247311827955
129+04252,1.0337837837837838,1.0696202531645569
129+04253,1.0337837837837838,1.0326797385620916
129+04254,1.028169014084507,1.027027027027027
129+04255,1.0526315789473684,1.0
129+04263,1.125,1.125
129+04264,1.0530973451327434,1.0530973451327434
129+04265,1.0208333333333333,1.0416666666666667
129+04266,1.0576923076923077,1.0943396226415094
129+04268,1.0909090909090908,1.0869565217391304
129+04269,1.0,1.0
129+04270,1.0263157894736843,1.051282051282051
129+04271,1.0169491525423728,1.0833333333333335
129+04272,1.6842105263157894,2.3518518518518516
129+04274,1.0441988950276242,1.0331491712707184
129+04275,1.030878859857482,1.0457831325301203
129+04276,1.029490616621984,1.0299727520435966
129+04277,1.0457142857142858,1.0285714285714287
129+04278,1.0454545454545454,1.0454545454545454
129+04279,1.0458715596330275,1.031055900621118
129+04280,1.0367647058823528,1.0367647058823528
129+04281,1.047872340425532,1.0319148936170213
129+04282,1.0440251572327044,1.0251572327044023
129+04283,1.02991452991453,1.02991452991453
129+04284,1.0305343511450382,1.062015503875969
129+04285,1.046875,1.03125
129+04286,1.036231884057971,1.036231884057971
129+04287,1.028169014084507,1.0434782608695652
129+04288,1.0318471337579618,1.0258064516129033
129+04289,1.0444444444444443,1.0393258426966292
129+04290,1.0294117647058825,1.0303030303030303
129+04291,1.1397058823529411,1.0461538461538462
129+04292,1.8089171974522291,1.0445205479452055
129+04293,1.3968749999999999,1.028268551236749
129+04294,1.1605839416058394,1.0725806451612905
129+04295,1.017241379310345,1.0454545454545456
129+04296,1.0384615384615385,1.111111111111111
129+04297,1.0481927710843375,1.1011904761904763
129+04298,1.0294117647058825,1.0294117647058825
129+04299,1.0292553191489362,1.045945945945946
129+04300,1.1148325358851676,1.0492610837438423
129+04301,1.9176470588235293,1.036144578313253
129+04302,1.3962264150943395,1.0485436893203883
129+04303,1.10126582278481,1.0480349344978166
129+04304,1.0485714285714285,1.063768115942029
129+04305,1.0434782608695652,1.0434782608695652
129+04306,1.074074074074074,1.074074074074074
129+04307,1.7614678899082568,1.2892561983471076
129+04308,1.0510204081632653,1.2291666666666667
129+04309,1.0509554140127388,1.3571428571428572
129+04310,1.045,1.2268518518518516
129+04311,1.028735632183908,1.106145251396648
129+04312,1.0555555555555556,2.05
129+04313,1.0285714285714287,1.5999999999999999
129+04314,1.0,1.5714285714285714
129+04315,1.027777777777778,1.2424242424242424
129+04316,1.0181818181818183,1.2686567164179103
129+04317,1.0272108843537415,1.7305389221556888
129+04318,1.0238095238095237,1.446808510638298
129+04319,1.0,1.0
129+04320,1.0310077519379846,1.0310077519379846
129+04321,1.0294117647058825,1.0294117647058825
129+04322,1.028673835125448,1.0436363636363637
129+04323,1.0301724137931036,1.0301724137931036
129+04324,1.033898305084746,1.0344827586206897
129+04325,1.0272727272727271,1.046296296296296
129+04327,1.1666666666666667,1.1666666666666667
129+04328,1.6666666666666667,1.2608695652173911
129+04329,1.0499999999999998,1.048780487804878
129+04331,1.0217391304347825,1.0217391304347825
129+04332,1.0204081632653061,1.0204081632653061
129+04333,1.0,1.0461538461538462
129+04334,1.0,1.0184049079754602
129+04335,1.0,1.0309278350515465
129+04336,1.0,1.0344827586206897
129+04337,1.0,1.0188679245283019
129+04338,1.0212765957446808,1.0
129+04340,1.03125,1.032258064516129
129+04341,1.0303030303030303,1.0625
129+04342,1.0331753554502372,1.048780487804878
129+04343,2.1679389312977095,1.040983606557377
129+04344,1.6161616161616164,1.0333333333333334
129+04345,1.4652278177458034,1.029891304347826
129+04346,1.513157894736842,1.0563380281690142
129+04347,1.3264604810996563,1.0300751879699248
129+04348,2.0,1.0282485875706215
129+04349,2.638888888888889,1.043103448275862
129+04350,1.6148409893992934,1.0291970802919708
129+04351,1.236280487804878,1.029126213592233
129+04352,1.6891891891891893,1.027027027027027
129+04353,1.5808823529411762,1.051282051282051
129+04354,1.564102564102564,1.0555555555555556
129+04355,1.2373737373737375,1.043010752688172
129+04356,1.3119999999999998,1.028846153846154
129+04357,2.1612903225806455,1.0384615384615385
129+04358,1.7942857142857143,1.0294117647058822
129+04359,2.101123595505618,1.074074074074074
129+04360,1.4107883817427385,1.03
129+04361,1.4,1.0909090909090908
129+04362,1.2857142857142856,1.2
129+04363,1.3333333333333335,1.5
129+04364,1.2222222222222223,2.25
129+04365,1.2710280373831775,1.8072289156626506
129+04366,1.1172413793103448,1.6096256684491976
129+04367,1.04,1.2134831460674158
129+04368,1.0476190476190477,1.28
129+04369,1.0588235294117645,1.6756756756756757
129+04370,1.051282051282051,1.2649253731343284
129+04371,1.0493827160493827,1.0804597701149425
129+04372,1.0526315789473684,1.5017543859649123
129+04373,1.0285714285714287,1.238532110091743
129+04374,1.0483870967741935,1.2672811059907834
129+04375,1.0495049504950495,1.3056300268096515
129+04376,1.0909090909090908,1.3088235294117647
129+04377,1.0625,1.2272727272727273
129+04378,1.050632911392405,1.3828571428571428
129+04379,1.0303030303030303,1.3880597014925373
129+04380,1.0178571428571426,1.4
129+04381,1.0392156862745099,1.911111111111111
129+04382,1.0434782608695652,1.6885245901639345
129+04383,1.0309278350515465,1.1531531531531531
129+04384,1.0,1.0
129+04385,1.051282051282051,1.0499999999999998
129+04386,1.029126213592233,1.03
129+04387,1.0379746835443038,1.051948051948052
129+04388,1.0,1.0
129+04389,1.02,1.0416666666666667
129+04390,1.0181818181818183,1.0185185185185186
129+04391,1.0279329608938548,1.0170454545454546
129+04392,1.03125,1.0105263157894737
129+04393,1.0333333333333334,1.0135135135135136
129+04394,1.0285714285714287,1.028846153846154
129+04395,1.0117647058823531,1.0282258064516128
129+04396,1.0250000000000001,1.0344827586206897
129+04397,1.0276243093922652,1.0397727272727273
129+04398,1.0347222222222223,1.0352112676056338
129+04399,1.0384615384615385,1.0196078431372548
129+04400,1.0694444444444444,1.0547945205479452
129+04401,1.0,1.3333333333333335
129+04402,1.0,1.0
129+04403,1.0689655172413794,1.0357142857142856
129+04404,1.0588235294117645,1.0625
129+04405,1.0612244897959184,1.0425531914893618
129+04406,1.076923076923077,1.04
129+04407,1.5076923076923077,1.0491803278688525
129+04408,1.7209302325581395,1.0285714285714287
129+04410,1.0333333333333334,1.225563909774436
129+04411,1.0555555555555556,1.0993788819875776
129+04412,1.0465116279069768,1.236220472440945
129+04413,1.0,1.2857142857142856
129+04414,1.0634920634920635,1.3472222222222223
129+04415,1.0,1.1428571428571428
129+04416,1.0,1.25
129+04417,1.0303030303030303,1.121212121212121
129+04418,1.0,1.0
129+04419,1.0393700787401574,1.1615384615384614
129+04420,1.051282051282051,1.9310344827586206
129+04421,1.074074074074074,1.196969696969697
129+04423,1.5587121212121213,1.0456852791878173
129+04424,1.4734774066797642,1.0339805825242718
129+04425,1.3165829145728645,1.0328638497652582
129+04426,1.2798165137614679,1.0302457466918715
129+04427,1.2272727272727273,1.0499999999999998
129+04428,1.1871559633027522,2.4725274725274726
129+04429,1.3914473684210527,1.5192307692307692
129+04430,1.7621776504297995,1.0483870967741935
129+04431,1.4444444444444446,1.1666666666666667
129+04432,1.4633027522935778,2.216666666666667
129+04433,1.1666666666666667,1.4696969696969695
129+04434,1.2666666666666668,1.358974358974359
129+04435,1.1521739130434783,1.306122448979592
129+04437,1.0096153846153846,1.0096153846153846
129+04438,1.0,1.0555555555555556
129+04440,1.037037037037037,1.0566037735849056
129+04441,1.0283400809716599,1.0458333333333334
129+04442,1.0437956204379562,1.0458015267175573
129+04443,1.4207920792079207,1.0481283422459893
129+04444,1.03125,1.0327102803738317
129+04445,1.0405405405405406,1.0273972602739727
129+04446,1.030716723549488,1.0280701754385966
129+04447,1.0299625468164795,1.0436507936507935
129+04448,1.1052631578947367,1.0499999999999998
129+04449,1.8399999999999999,1.0324675324675325
129+04450,1.427767354596623,1.0254777070063694
129+04451,1.3333333333333333,1.0495495495495495
129+04453,1.0566037735849056,1.0377358490566038
129+04454,1.04,1.04
129+04455,1.016260162601626,1.016260162601626
129+04456,1.037037037037037,1.0526315789473684
129+04457,1.0,1.0769230769230769
129+04458,1.0,1.0833333333333335
129+04459,1.0842490842490842,1.1340996168582376
129+04460,1.0988372093023255,1.1317365269461077
129+04461,1.1016393442622952,1.135135135135135
129+04462,1.0504587155963303,1.1009615384615385
129+04464,1.0461538461538462,1.0461538461538462
129+04465,1.0442477876106195,1.0442477876106195
129+04466,1.0,1.0
129+04468,1.0909090909090908,1.0909090909090908
129+04469,1.03125,1.0434782608695654
129+04479,1.0499999999999998,1.0999999999999999
129+04480,1.0510204081632653,1.0518134715025906
129+04481,1.03125,1.03125
129+04594,1.0,1.0
129+04595,1.0,1.0
129+04596,1.0555555555555556,1.0555555555555556
129+04597,1.0377358490566038,1.0384615384615385
129+04598,1.04,1.0833333333333335
129+04599,2.062015503875969,1.048780487804878
129+04600,3.3125000000000004,1.025
129+04601,1.3973509933774833,1.0363636363636362
129+04602,1.310344827586207,1.0666666666666667
129+04603,1.1666666666666667,1.1428571428571428
129+04604,1.3333333333333333,1.0625
129+04605,1.0,1.1111111111111112
129+04606,1.076923076923077,1.076923076923077
129+04607,1.0416666666666667,1.0833333333333335
129+04608,1.0317460317460319,1.0461538461538462
129+04609,1.0,1.0
129+04610,1.0350877192982457,1.0357142857142856
129+04611,1.0294117647058822,1.0294117647058822
129+04612,1.0465116279069768,1.0465116279069768
129+04613,1.0256410256410258,1.0326797385620916
129+04614,1.0313901345291479,1.0318181818181817
129+04615,1.3197278911564625,1.0507246376811594
129+04624,1.0693069306930694,1.06
129+04625,1.0450450450450448,1.0642201834862384
129+04626,1.05,1.0659898477157361
129+04627,1.0463576158940397,1.033112582781457
129+04628,1.051282051282051,1.051282051282051
129+04629,1.0252100840336136,1.0427350427350428
129+04630,1.0441176470588234,1.0597014925373134
129+04638,1.0666666666666667,1.0714285714285714
129+04639,1.0,1.1111111111111112
129+04640,1.0351437699680512,1.051948051948052
129+04641,1.0343347639484979,1.7634854771784232
129+04642,1.0476190476190477,1.4476744186046513
129+04643,1.032258064516129,1.0384615384615385
129+04644,1.0285714285714287,1.0185185185185186
129+04661,1.0256410256410258,1.0540540540540542
129+04663,1.0666666666666667,1.0434782608695652
129+04664,1.0392156862745099,1.0377358490566038
129+04665,1.027777777777778,1.0555555555555556
129+04666,1.0350877192982457,1.0526315789473684
129+04667,1.0348837209302326,1.0348837209302326
129+04677,1.095774647887324,1.0304789550072568
129+04678,1.6587301587301586,1.05
129+04743,1.0869565217391304,1.08
129+04745,1.0574162679425838,1.6271186440677965
129+04746,1.0636363636363635,1.1092436974789917
129+04747,1.1170212765957448,1.1423611111111112
129+04748,1.0645161290322582,1.080536912751678
129+04749,1.0731707317073171,1.0791366906474822
129+04750,1.3214285714285714,1.2903225806451615
129+04751,1.103448275862069,1.3333333333333335
129+04752,1.1384615384615384,1.1417910447761193
129+04753,1.0340909090909092,1.0588235294117647
129+04754,1.0,1.0
129+04755,1.0555555555555556,1.0945945945945947
129+04756,1.064102564102564,1.8208955223880596
129+04761,1.2313432835820894,1.15625
129+04762,1.0407407407407407,1.0407407407407407
129+04763,1.0598290598290598,1.0588235294117647
129+04764,1.0,1.0
129+04765,1.078125,1.0606060606060606
129+04766,1.049645390070922,1.034965034965035
129+04767,1.625,1.0
129+04768,1.6172839506172838,1.033898305084746
129+04770,1.025,1.4852941176470587
129+04771,1.0357142857142856,1.8285714285714287
129+04772,1.0454545454545454,1.4024390243902438
129+04773,1.040983606557377,1.2471042471042473
129+04774,1.0476190476190477,1.2195121951219512
129+04775,1.0157068062827226,1.2392638036809818
129+04776,1.25,1.1666666666666667
129+04777,1.076923076923077,1.1
129+04778,1.04,1.606060606060606
129+04779,1.0625,1.3595505617977528
129+04780,1.0625,1.0925925925925926
129+04781,1.051282051282051,1.0499999999999998
129+04782,1.0606060606060606,1.0606060606060606
129+04918,1.0465116279069768,1.4081632653061225
129+04919,2.0,1.2
129+04920,1.0,1.0
129+04921,1.0677966101694916,1.462121212121212
129+05584,1.25,1.0408163265306123
129+05855,1.09375,1.0666666666666667
129+05856,1.0202898550724637,1.0482954545454546
129+05857,1.1447963800904977,1.1131221719457014
129+05858,1.0473684210526317,1.0475578406169666
129+05859,1.06,1.103658536585366
129+05860,1.1440677966101696,1.1009708737864077
129+05861,1.1875,1.094915254237288
129+05862,1.1428571428571428,1.124513618677043
129+05863,1.0999999999999999,1.32
129+05864,1.0758620689655174,1.4355828220858895
129+05865,1.0802139037433154,1.1220657276995307
129+05866,1.6767676767676767,1.2323232323232323
129+05867,1.0389908256880733,1.0373831775700935
129+06438,1.050909090909091,1.0860033726812817
129+09183,1.0610687022900762,1.119718309859155
129+09184,1.0531914893617023,1.0531914893617023
129+09185,1.0921052631578947,1.152046783625731
129+13227,1.0,1.1017964071856288
129+13228,1.0483271375464684,1.1015625
129+13229,1.042857142857143,1.0285714285714287
129+14199,2.1818181818181817,1.435897435897436
129+14217,1.0499999999999998,1.2108843537414966
129+14230,1.125,1.0
129+16182,1.0470588235294118,1.5
129-04098,2.3064516129032255,1.0909090909090908
129-04099,1.6774193548387097,1.0363636363636362
129-04100,1.372093023255814,1.0625
129-04101,1.28125,1.1891891891891893
129-04102,1.5179282868525898,1.2475728155339805
129-04103,1.7941176470588234,1.5000000000000002
129-04104,1.0909090909090908,1.198952879581152
129-04105,1.0579710144927537,1.372093023255814
129-04106,1.0344827586206897,1.4057971014492754
129-04107,1.05,1.371212121212121
129-04108,1.027777777777778,1.5510204081632653
129-04109,1.0357142857142856,1.393939393939394
129-04110,1.0925925925925926,1.3333333333333333
129-04111,1.7307692307692308,1.2439024390243902
129-04112,1.8625954198473282,1.3465346534653466
129-04113,1.119047619047619,1.2784810126582278
129-04114,1.0,1.272727272727273
129-04115,1.0943396226415094,1.2489795918367346
129-04116,1.2,1.3783783783783785
129-04117,1.2222222222222223,1.5499999999999998
129-04118,1.25,1.272727272727273
129-04119,1.3513513513513513,1.4484304932735426
129-04120,1.4615384615384615,1.5593220338983051
129-04121,1.7857142857142856,1.5780346820809248
129-04122,1.7499999999999998,1.4430379746835442
129-04123,1.4404761904761905,1.5
129-04124,1.2635135135135136,2.267605633802817
129-04125,1.3009708737864079,2.021276595744681
129-04126,1.3352601156069364,1.0416666666666667
129-04127,1.3072916666666665,1.0377358490566038
129-04128,1.4025974025974026,1.0571428571428572
129-04129,1.448,1.0384615384615385
129-04130,1.6375404530744335,1.0357142857142858
129-04131,2.3920000000000003,1.0434782608695652
129-04132,1.7450980392156863,1.1590909090909092
129-04133,2.0980392156862746,1.44
129-04134,1.2784810126582278,1.1224489795918369
129-04135,1.40625,1.0350877192982457
129-04136,1.3437499999999998,1.0297029702970297
129-04137,1.3211009174311925,1.0185185185185186
129-04138,1.5574572127139366,1.0804597701149425
129-04139,1.7333333333333334,1.1379310344827587
129-04140,1.6224489795918369,1.0684931506849316
129-04141,1.7374999999999998,1.0546875
129-04142,1.225806451612903,1.024390243902439
129-04143,2.0412371134020617,1.0459770114942528
129-04144,2.2222222222222223,1.125
129-04145,1.162162162162162,1.0555555555555556
129-04177,1.0454545454545454,1.025974025974026
129-04178,1.0459770114942528,1.0459770114942528
129-04179,1.0303030303030303,1.0461538461538462
129-04180,1.0333333333333334,1.0333333333333334
129-04181,1.0175438596491229,1.0517241379310345
129-04182,1.051282051282051,1.051282051282051
129-04183,1.037037037037037,1.0526315789473684
129-04184,1.051948051948052,1.0493827160493827
129-04185,1.0413793103448277,1.0529801324503312
129-04186,1.0313901345291479,1.0663716814159294
129-04187,1.0489130434782608,1.0989304812834224
129-04188,1.0303030303030303,1.0476190476190477
129-04189,1.068825910931174,1.0323886639676112
129-04190,1.03125,1.0396039603960396
129-04191,1.0301507537688441,1.1367924528301887
129-04192,1.033898305084746,1.1735537190082643
129-04193,1.0326086956521738,1.2569444444444444
129-04194,1.0,1.076923076923077
129-04215,1.0416666666666667,1.0416666666666667
129-04242,1.5,1.047337278106509
129-04243,1.313588850174216,1.0321285140562249
129-04244,1.215,1.0298507462686566
129-04245,1.3197674418604652,1.033112582781457
129-04246,1.3636363636363635,1.048780487804878
129-04247,1.6018518518518516,1.0
129-04248,2.0,1.0
129-04249,1.7727272727272725,1.0491803278688525
129-04250,1.25,1.0344827586206897
129-04251,1.1365853658536587,1.0301507537688441
129-04252,1.1078431372549018,1.03
129-04253,1.0684931506849316,1.0410958904109588
129-04254,1.027027027027027,1.027027027027027
129-04262,1.0769230769230769,1.051282051282051
129-04263,1.048780487804878,1.0481927710843375
129-04264,1.0394736842105263,1.0384615384615385
129-04265,1.0232558139534884,1.0
129-04267,2.243243243243243,1.0606060606060606
129-04268,1.0,1.25
129-04269,1.0212765957446808,1.0212765957446808
129-04270,1.0188679245283019,1.0377358490566038
129-04271,1.0714285714285714,1.0714285714285714
129-04273,1.0463917525773194,1.0463917525773194
129-04274,1.0285035629453683,1.0289156626506022
129-04275,1.0294117647058822,1.043360433604336
129-04276,1.0337078651685394,1.0454545454545454
129-04277,1.0,1.0
129-04278,1.0439882697947214,1.0484330484330486
129-04279,1.030674846625767,1.0434782608695652
129-04280,1.0416666666666667,1.0260416666666667
129-04281,1.0469798657718121,1.0335570469798658
129-04282,1.048780487804878,1.0292682926829269
129-04283,1.0454545454545454,1.0328947368421053
129-04284,1.03125,1.101010101010101
129-04285,1.0469798657718121,1.0394736842105263
129-04286,1.0317460317460319,1.0317460317460319
129-04287,1.0304878048780488,1.0426829268292683
129-04288,1.0273224043715845,1.0273224043715845
129-04289,1.041237113402062,1.0253807106598984
129-04290,1.037037037037037,1.0272727272727271
129-04291,1.0443686006825939,1.0299003322259137
129-04292,1.0471014492753625,1.1476510067114094
129-04293,1.0518518518518518,1.4630541871921185
129-04294,1.0311418685121108,1.9093959731543626
129-04295,1.1721311475409837,1.0344827586206897
129-04296,1.4333333333333333,1.5
129-04297,1.3973214285714284,1.0452488687782806
129-04298,1.0315789473684212,1.0315789473684212
129-04299,1.0413223140495869,1.0413223140495869
129-04300,1.0329670329670328,1.053763440860215
129-04301,1.0555555555555556,1.0547945205479452
129-04302,1.0307692307692309,1.0984848484848484
129-04303,1.0856353591160222,1.1657608695652173
129-04304,1.2,1.846153846153846
129-04305,1.2083333333333333,2.2
129-04306,1.0982142857142856,1.2753623188405798
129-04307,1.0689655172413794,1.8285714285714287
129-04308,1.0315789473684212,1.8571428571428572
129-04309,1.1442307692307692,1.1843575418994414
129-04310,1.7373134328358208,1.0470588235294118
129-04311,2.649122807017544,1.0185185185185186
129-04312,2.12,1.0416666666666667
129-04313,2.5,1.0
129-04314,1.5432098765432098,1.038961038961039
129-04315,1.745762711864407,1.0350877192982457
129-04316,1.1081081081081081,1.034246575342466
129-04317,1.2658227848101264,1.025974025974026
129-04318,1.1428571428571428,1.0499999999999998
129-04319,1.04,1.01
129-04320,1.028985507246377,1.028985507246377
129-04321,1.060200668896321,1.0462046204620463
129-04322,1.0448430493273544,1.0313901345291479
129-04323,1.0476190476190477,1.03125
129-04324,1.0458715596330272,1.0363636363636362
129-04326,1.0416666666666667,1.0
129-04327,1.0294117647058822,1.04
129-04328,1.04,1.1587301587301586
129-04329,1.0227272727272727,1.6857142857142857
129-04331,1.0,1.0
129-04332,1.0492610837438423,1.0339805825242718
129-04333,1.0307692307692309,1.0307692307692309
129-04334,1.0317460317460319,1.0483870967741935
129-04335,1.049056603773585,1.049056603773585
129-04336,1.0555555555555554,1.0555555555555554
129-04337,1.0425531914893618,1.0425531914893618
129-04338,1.056910569105691,1.056910569105691
129-04339,1.0,1.0333333333333334
129-04340,1.0499999999999998,1.0
129-04341,1.0456621004566211,1.0315315315315314
129-04342,1.05,1.0285714285714287
129-04343,1.0405405405405406,1.0374999999999999
129-04344,1.044077134986226,1.0956719817767653
129-04345,1.0657894736842106,1.3875
129-04346,1.0311418685121108,1.723456790123457
129-04347,1.0432432432432432,1.3266331658291457
129-04348,1.027972027972028,1.0526315789473684
129-04349,1.0285714285714287,1.1699346405228759
129-04350,1.0452488687782806,1.2814207650273224
129-04351,1.0588235294117645,1.4655172413793105
129-04352,1.027777777777778,1.4384615384615385
129-04353,1.0,1.3214285714285714
129-04354,1.029126213592233,1.3333333333333333
129-04355,1.0566037735849056,1.398989898989899
129-04356,1.03125,1.4090909090909092
129-04357,1.0448717948717947,1.4561933534743203
129-04358,1.06,1.4035087719298247
129-04359,1.0476190476190477,1.1022727272727273
129-04360,1.0357142857142856,1.0666666666666667
129-04361,1.2,1.0
129-04362,1.0,2.0
129-04363,1.0,1.0
129-04364,1.0335570469798658,1.3976608187134505
129-04365,1.034246575342466,1.1660231660231661
129-04366,1.1553398058252426,1.2272727272727273
129-04367,1.244186046511628,1.3333333333333333
129-04368,1.2903225806451613,1.3741935483870966
129-04369,1.7334905660377358,1.7901234567901232
129-04370,1.391304347826087,1.635135135135135
129-04371,1.2268041237113403,1.1595744680851066
129-04372,1.1714285714285715,1.0333333333333334
129-04373,1.4069767441860466,1.0298507462686566
129-04374,1.2621951219512195,1.05
129-04375,1.1851851851851851,1.0416666666666667
129-04376,1.188034188034188,1.0714285714285714
129-04377,1.5549295774647887,1.0697674418604652
129-04378,1.4516129032258065,1.04
129-04379,1.426470588235294,1.0666666666666667
129-04380,1.5914396887159534,1.0892857142857142
129-04381,1.7843137254901962,1.0454545454545454
129-04382,1.71,1.0315789473684212
129-04383,1.8636363636363635,1.0476190476190477
129-04384,1.25,1.0285714285714287
129-04385,1.0327868852459017,1.0327868852459017
129-04386,1.0483870967741935,1.0317460317460319
129-04387,1.0555555555555556,1.0
129-04388,1.0317460317460319,1.03125
129-04389,1.0416666666666667,1.0408163265306123
129-04390,1.0266666666666666,1.0263157894736843
129-04391,1.0272727272727271,1.0267857142857142
129-04392,1.0148148148148148,1.0296296296296295
129-04393,1.0204081632653061,1.0101010101010102
129-04394,1.024390243902439,1.0281124497991967
129-04395,1.044642857142857,1.0263157894736843
129-04396,1.0279329608938548,1.0274725274725276
129-04397,1.0444444444444443,1.0291970802919708
129-04398,1.0294117647058822,1.028985507246377
129-04399,1.05,1.032258064516129
129-04400,2.903225806451613,1.0952380952380953
129-04401,2.0,1.0
129-04402,1.0,1.076923076923077
129-04403,1.0,1.0
129-04404,1.0303030303030303,1.0588235294117645
129-04405,1.0425531914893618,1.0408163265306123
129-04406,1.0317460317460319,1.0461538461538462
129-04407,1.0499999999999998,1.0476190476190477
129-04408,1.0407239819004523,1.0414746543778801
129-04409,1.1769911504424782,1.0689655172413794
129-04410,1.217391304347826,1.0588235294117645
129-04411,1.2216216216216214,1.048780487804878
129-04412,1.2,1.0
129-04413,1.2874251497005988,1.05
129-04414,1.426470588235294,1.0714285714285714
129-04415,1.564516129032258,1.0588235294117645
129-04416,1.4838709677419355,1.0909090909090908
129-04417,1.5624999999999998,1.0344827586206897
129-04418,2.8333333333333335,1.0384615384615385
129-04419,1.2222222222222223,1.0465116279069768
129-04420,1.04,1.04
129-04421,1.065217391304348,1.04
129-04423,1.0285714285714287,1.23109243697479
129-04424,1.0307017543859651,1.2971014492753625
129-04425,1.0310077519379846,1.3077679449360866
129-04426,1.0476190476190477,1.2647058823529411
129-04427,1.0738255033557047,1.3537234042553192
129-04428,1.2920353982300885,1.5826558265582655
129-04429,1.4404761904761905,1.2143634385201307
129-04430,1.0,3.0
129-04431,1.0175438596491229,1.384180790960452
129-04432,1.0588235294117645,1.0555555555555556
129-04433,1.0666666666666667,1.1333333333333335
129-04434,1.0555555555555556,1.0555555555555556
129-04435,1.0634920634920635,1.0606060606060606
129-04436,1.029126213592233,1.0097087378640777
129-04437,1.0,1.0
129-04439,1.0480769230769231,1.028846153846154
129-04440,1.0456273764258555,1.0463320463320465
129-04441,1.0330578512396695,1.0330578512396695
129-04442,1.0504587155963303,1.2790697674418603
129-04443,1.0295358649789028,1.3445190156599554
129-04444,1.0285714285714287,1.0571428571428572
129-04445,1.0329670329670328,1.1170212765957448
129-04446,1.0278884462151396,1.118320610687023
129-04447,1.0312499999999998,1.0833333333333335
129-04448,1.0324675324675325,1.216867469879518
129-04449,1.0466666666666666,1.5764705882352943
129-04450,1.0468085106382978,1.2546583850931676
129-04452,1.4827586206896552,1.4301675977653632
129-04453,1.0,1.0
129-04454,1.0150375939849625,1.0150375939849625
129-04455,1.028985507246377,1.028985507246377
129-04456,1.0588235294117645,1.0588235294117645
129-04457,1.0273972602739727,1.0273972602739727
129-04458,1.0508474576271187,1.1022222222222222
129-04459,1.0,1.082926829268293
129-04460,1.0338983050847457,1.1172161172161172
129-04461,1.0334928229665072,1.085427135678392
129-04462,1.04,1.0416666666666667
129-04463,1.0344827586206897,1.0344827586206897
129-04464,1.047945205479452,1.034246575342466
129-04465,1.0,1.0
129-04467,1.032258064516129,1.03125
129-04468,1.030188679245283,1.030188679245283
129-04479,1.0315789473684212,1.0489130434782608
129-04480,1.029585798816568,1.049079754601227
129-04593,1.0,2.0
129-04594,1.0,1.0
129-04595,1.1176470588235294,1.0555555555555556
129-04596,1.0588235294117645,1.0588235294117645
129-04597,1.0384615384615385,1.0384615384615385
129-04598,1.0492957746478875,1.0642857142857143
129-04599,1.0,1.0344827586206897
129-04600,1.0434782608695652,1.042857142857143
129-04601,1.04,1.0384615384615385
129-04602,1.0833333333333335,1.076923076923077
129-04603,1.04,1.1
129-04604,1.0,1.1428571428571428
129-04605,1.0999999999999999,1.1153846153846152
129-04606,1.0434782608695652,1.1282051282051282
129-04607,1.0181818181818183,1.2465116279069768
129-04608,1.0,2.545454545454546
129-04609,1.0714285714285714,1.3934426229508197
129-04610,1.0612244897959184,1.04
129-04611,1.0285714285714287,1.0285714285714287
129-04612,1.0617977528089888,1.032258064516129
129-04613,1.0438596491228072,1.0341880341880343
129-04614,1.0642857142857143,1.05
129-04623,1.0333333333333334,1.0333333333333334
129-04624,1.04375,1.04375
129-04625,1.0479041916167666,1.0299401197604792
129-04626,1.05,1.05
129-04627,1.0416666666666667,1.0416666666666667
129-04628,1.0327868852459017,1.0327868852459017
129-04629,1.0434782608695652,1.028985507246377
129-04630,1.0563380281690142,1.0555555555555556
129-04638,1.0,1.0
129-04639,1.0311526479750779,1.0498338870431896
129-04640,1.034749034749035,1.0485829959514168
129-04641,1.050420168067227,1.0535714285714284
129-04642,1.1544117647058822,1.03125
129-04643,1.3425925925925926,1.0505050505050506
129-04644,2.1153846153846154,1.04
129-04661,1.0,1.0
129-04663,1.0392156862745099,2.145161290322581
129-04664,1.0526315789473684,2.5
129-04665,1.0526315789473684,1.3225806451612903
129-04666,1.0344827586206897,1.0777777777777777
129-04667,1.0588235294117645,1.0588235294117645
129-04676,1.0445103857566764,1.046875
129-04677,1.0854700854700856,1.1496062992125984
129-04678,1.044811320754717,1.2590233545647558
129-04743,1.272727272727273,1.0769230769230769
129-04745,1.2148760330578514,1.1074380165289257
129-04746,1.0987654320987654,1.0555555555555556
129-04747,1.2318059299191375,1.080536912751678
129-04748,1.3742574257425744,1.2638036809815951
129-04749,1.4415584415584417,1.4042553191489364
129-04750,2.4242424242424243,1.1224489795918369
129-04751,2.142857142857143,1.0526315789473684
129-04752,1.1440823327615781,1.135135135135135
129-04753,2.0,1.0
129-04754,1.4444444444444444,1.042857142857143
129-04755,1.0481927710843375,1.0374999999999999
129-04756,1.34375,1.2592592592592593
129-04761,1.057915057915058,1.0631970260223047
129-04762,1.0564516129032258,1.0573770491803278
129-04763,1.0,1.0
129-04764,1.0526315789473684,1.0540540540540542
129-04765,1.0377358490566038,1.0377358490566038
129-04766,1.0,1.0
129-04767,1.0434782608695652,1.0434782608695652
129-04770,1.0952380952380953,1.0526315789473684
129-04771,1.1217391304347828,1.024390243902439
129-04772,1.4006211180124222,1.0375939849624058
129-04773,1.7843137254901962,1.0
129-04774,1.472906403940887,1.0153061224489797
129-04775,1.0,1.25
129-04776,1.5333333333333334,1.0434782608695652
129-04777,1.5121951219512195,1.0384615384615385
129-04778,2.15,1.0625
129-04779,1.2515337423312884,1.5779816513761467
129-04780,1.6792452830188678,1.7575757575757573
129-04781,1.2333333333333334,1.0930232558139534
129-04879,1.25,1.5
129-04918,1.1428571428571428,1.25
129-04919,1.3818181818181816,4.749999999999999
129-04920,1.4271457085828345,1.48
129-05584,1.1105263157894736,1.1359649122807018
129-05854,1.09375,1.0980392156862744
129-05855,1.0227272727272727,1.025
129-05856,1.083720930232558,1.078048780487805
129-05857,1.0475578406169666,1.049079754601227
129-05858,1.06,1.2662337662337662
129-05859,1.095890410958904,1.1768707482993197
129-05860,1.1360294117647058,1.2015915119363396
129-05861,1.1013824884792627,1.1797752808988764
129-05862,1.0266429840142097,1.1288819875776397
129-05863,1.1130952380952381,1.0566037735849056
129-05864,1.2178217821782178,1.1598173515981736
129-05865,1.4656084656084656,1.1606217616580312
129-05866,1.1007025761124123,1.249457700650759
129-06438,1.0588235294117645,1.0588235294117645
129-09183,1.1067961165048543,1.2479338842975207
129-09184,1.091503267973856,1.1358024691358024
129-13226,1.0,1.0809248554913296
129-13227,1.065934065934066,1.0817843866171004
129-13228,1.0454545454545454,1.0454545454545454
129-14199,1.0,1.7058823529411762
129-14217,1.2523364485981308,1.04
129-16182,1.4086021505376345,1.0476190476190477
129N04098,2.3111111111111113,1.0408163265306123
129N04099,1.7735849056603772,1.0408163265306123
129N04100,1.4909090909090907,1.0434782608695652
129N04101,1.3047619047619048,1.0266666666666666
129N04102,1.273809523809524,1.233644859813084
129N04103,2.166666666666667,1.403225806451613
129N04104,1.1166666666666667,1.6274509803921569
129N04105,1.0833333333333335,1.4526748971193413
129N04106,1.0,1.3111111111111111
129N04107,1.0,1.48
129N04108,1.0,1.3823529411764703
129N04109,1.0344827586206897,1.6000000000000003
129N04110,1.0434782608695652,1.3333333333333333
129N04111,1.25,1.2857142857142858
129N04112,2.0,1.2083333333333333
129N04113,1.1219512195121952,1.3205128205128205
129N04114,1.0909090909090908,1.2542372881355932
129N04115,1.0571428571428572,1.3006993006993008
129N04116,1.0625,1.1689497716894979
129N04117,1.1578947368421053,1.4269662921348314
129N04119,1.0,1.714285714285714
129N04120,1.4166666666666667,1.5333333333333334
129N04121,1.6666666666666667,1.7333333333333334
129N04122,1.7999999999999998,1.466666666666697
129N04123,1.7500000000000002,1.5833333333333335
129N04124,1.277777777777778,1.846153846153846
129N04125,1.3253012048192774,3.7727272727272725
129N04126,1.302325581395349,1.1153846153846152
129N04127,1.3396226415094339,1.076923076923077
129N04128,1.3818181818181816,1.0714285714285714
129N04129,1.3333333333333335,1.0256410256410258
129N04130,1.5552050473186119,1.0298507462686566
129N04131,2.0,1.0344827586206897
129N04132,2.12,1.0476190476190477
129N04133,1.9069767441860463,1.2926829268292683
129N04134,2.3157894736842106,1.3773584905660377
129N04135,1.4285714285714286,1.0
129N04136,1.52,1.0
129N04137,1.2926829268292683,1.0476190476190477
129N04138,1.4146341463414633,1.0499999999999998
129N04139,1.6250000000000002,1.125
129N04140,1.7027027027027026,1.105263157894737
129N04141,1.7464788732394367,1.0784313725490198
129N04142,1.2857142857142858,1.0
129N04143,1.9387755102040816,1.048780487804878
129N04144,2.628571428571429,1.0303030303030303
129N04145,1.5999999999999999,1.0576923076923077
129N04177,1.0208333333333333,1.0208333333333333
129N04178,1.0499999999999998,1.0
129N04179,1.0526315789473684,1.0526315789473684
129N04180,1.0416666666666667,1.0416666666666667
129N04181,1.0476190476190477,1.03125
129N04182,1.0597014925373134,1.0746268656716418
129N04183,1.0588235294117645,1.0588235294117645
129N04184,1.0526315789473684,1.0499999999999998
129N04185,1.0444444444444443,1.0425531914893618
129N04186,1.0588235294117645,1.0555555555555556
129N04187,1.0625,1.0588235294117645
129N04188,1.0666666666666667,1.0625
129N04189,1.0,1.0
129N04190,1.0526315789473684,1.0499999999999998
129N04191,1.0,1.0999999999999999
129N04192,1.0454545454545454,1.0212765957446808
129N04193,1.0181818181818183,1.5402298850574714
129N04194,1.0454545454545454,1.21656050955414
129N04195,1.0,1.2222222222222223
129N04243,1.0571428571428572,1.0303030303030303
129N04244,1.0909090909090908,1.0526315789473684
129N04245,1.261904761904762,1.0555555555555556
129N04246,1.4375,1.0526315789473684
129N04247,1.5016949152542372,1.048780487804878
129N04248,2.7493670886075945,1.0483870967741935
129N04249,1.6153846153846154,1.0357142857142856
129N04250,1.2407407407407407,1.04
129N04251,1.1875,1.0666666666666667
129N04252,1.1250000000000002,1.0434782608695652
129N04253,1.0526315789473684,1.0526315789473684
129N04254,1.0555555555555556,1.027777777777778
129N04262,1.0833333333333335,1.0
129N04263,1.0526315789473684,1.0526315789473684
129N04264,1.0555555555555556,1.0555555555555556
129N04265,1.0909090909090908,1.0588235294117645
129N04266,1.0,1.0
129N04267,2.0,1.0555555555555556
129N04268,1.2903225806451615,1.0714285714285714
129N04269,1.0303030303030303,1.0606060606060606
129N04270,1.0,1.0263157894736843
129N04271,1.0869565217391304,1.0869565217391304
129N04272,1.1428571428571428,1.1428571428571428
129N04273,1.0,1.0
129N04274,1.0625,1.0625
129N04275,1.0625,1.0625
129N04276,1.0625,1.0625
129N04277,1.0,1.0
129N04278,1.0714285714285714,1.0
129N04279,1.0555555555555556,1.0434782608695652
129N04280,1.0204081632653061,1.0208333333333333
129N04281,1.0363636363636362,1.0181818181818183
129N04282,1.0178571428571426,1.0363636363636362
129N04283,1.0476190476190477,1.028846153846154
129N04284,1.0476190476190477,1.0465116279069768
129N04285,1.0444444444444443,1.0434782608695652
129N04286,1.0666666666666667,1.0666666666666667
129N04287,1.0499999999999998,1.024390243902439
129N04288,1.0222222222222221,1.0222222222222221
129N04289,1.0588235294117645,1.0
129N04290,1.025,1.025
129N04291,1.0434782608695652,1.0434782608695652
129N04292,1.0363636363636362,1.0357142857142856
129N04293,1.0555555555555556,1.5499999999999998
129N04294,1.0476190476190477,2.152542372881356
129N04295,1.0434782608695652,1.0444444444444443
129N04296,1.326086956521739,1.0444444444444443
129N04297,1.6842105263157894,1.0526315789473684
129N04298,1.0476190476190477,1.0476190476190477
129N04299,1.0499999999999998,1.0499999999999998
129N04300,1.0227272727272727,1.0227272727272727
129N04301,1.0,1.0476190476190477
129N04302,1.0434782608695652,1.0434782608695652
129N04303,1.0217391304347825,1.0638297872340425
129N04304,1.2173913043478262,1.7916666666666667
129N04305,1.1578947368421053,1.9473684210526316
129N04306,1.046728971962617,1.2660550458715594
129N04307,1.09375,1.5319148936170213
129N04308,1.0638297872340425,1.9807692307692308
129N04309,1.0434782608695652,1.5652173913043477
129N04310,1.5752212389380533,1.0545454545454545
129N04311,2.666666666666667,1.0
129N04312,2.4313725490196076,1.0416666666666667
129N04313,2.3043478260869565,1.0
129N04314,1.5212765957446808,1.0329670329670328
129N04315,2.119047619047619,1.025
129N04316,1.206896551724138,1.0344827586206897
129N04317,1.125,1.1428571428571428
129N04318,1.25,1.0
129N04319,1.0612244897959184,1.0416666666666667
129N04320,1.0754716981132073,1.0377358490566038
129N04321,1.0476190476190477,1.0476190476190477
129N04322,1.0645161290322582,1.0645161290322582
129N04323,1.0555555555555556,1.0555555555555556
129N04324,1.0,1.0
129N04325,1.0526315789473684,1.0526315789473684
129N04326,1.012987012987013,1.0
129N04327,1.0689655172413794,1.0
129N04328,1.0,1.1666666666666667
129N04329,1.0476190476190477,1.3439999999999999
129N04331,1.0,1.0
129N04332,1.0,1.125
129N04333,1.0,1.0
129N04334,1.0,1.0
129N04335,1.0666666666666667,1.0666666666666667
129N04336,1.0,1.0
129N04337,1.0555555555555556,1.0555555555555556
129N04338,1.0833333333333335,1.0833333333333335
129N04339,1.1111111111111112,1.0
129N04340,1.0,1.0476190476190477
129N04341,1.0384615384615385,1.037037037037037
129N04342,1.0357142857142856,1.0344827586206897
129N04343,1.0454545454545454,1.0454545454545454
129N04344,1.0588235294117645,1.0555555555555556
129N04345,1.0588235294117647,1.2624113475177305
129N04346,1.0444444444444443,1.449438202247191
129N04347,1.0,1.272727272727273
129N04348,1.0465116279069768,1.0444444444444443
129N04349,1.0303030303030303,1.0571428571428572
129N04350,1.02,1.1964285714285714
129N04351,1.027027027027027,1.5106382978723405
129N04352,1.1052631578947367,1.5757575757575757
129N04353,1.0188679245283019,1.327731092436975
129N04354,1.0454545454545454,1.3305785123966942
129N04355,1.0434782608695652,1.4752475247524752
129N04356,1.0714285714285714,1.4516129032258065
129N04357,1.0,1.434782608695652
129N04358,1.0491803278688525,1.523076923076923
129N04359,1.075,1.2
129N04360,1.0571428571428572,1.0810810810810811
129N04361,1.0,1.0
129N04362,1.0410958904109588,1.144736842105263
129N04363,1.0,1.1428571428571428
129N04364,1.0434782608695652,1.16
129N04365,1.025,1.7021276595744683
129N04366,1.027777777777778,1.2249999999999999
129N04367,1.3333333333333335,1.3452380952380951
129N04368,1.2782608695652176,1.4108527131782946
129N04369,1.5701754385964914,1.5701754385964914
129N04370,1.5348837209302326,2.3846153846153846
129N04371,2.262773722627737,1.065934065934066
129N04372,1.1428571428571428,1.0588235294117647
129N04373,1.24,1.0238095238095237
129N04374,1.6140350877192984,1.0227272727272727
129N04375,1.2142857142857144,1.0
129N04376,1.2368421052631577,1.0666666666666667
129N04377,1.4518072289156627,1.0816326530612246
129N04378,1.5531914893617023,1.0606060606060606
129N04379,1.4978354978354977,1.0526315789473684
129N04380,1.5068493150684934,1.08
129N04381,1.8196721311475412,1.0499999999999998
129N04382,1.76,1.0434782608695652
129N04383,1.777777777777778,1.0588235294117645
129N04384,1.811320754716981,1.0188679245283019
129N04385,1.0547945205479452,1.0410958904109588
129N04386,1.0869565217391304,1.0416666666666667
129N04387,1.0465116279069768,1.0227272727272727
129N04388,1.0232558139534884,1.0465116279069768
129N04389,1.0909090909090908,1.0909090909090908
129N04390,1.0425531914893618,1.0416666666666667
129N04391,1.027777777777778,1.027027027027027
129N04392,1.0476190476190477,1.0232558139534884
129N04393,1.0188679245283019,1.0377358490566038
129N04394,1.0178571428571426,1.0175438596491229
129N04395,1.0303030303030303,1.0294117647058822
129N04396,1.048780487804878,1.0238095238095237
129N04397,1.0263157894736843,1.0263157894736843
129N04398,1.0384615384615385,1.037037037037037
129N04399,1.0357142857142856,1.0357142857142856
129N04400,1.75,1.161290322580645
129N04401,1.7619047619047619,1.0526315789473684
129N04402,1.0833333333333335,1.0491803278688525
129N04403,1.027027027027027,1.0533333333333335
129N04404,1.0625,1.0588235294117645
129N04405,1.0499999999999998,1.0476190476190477
129N04406,1.0476190476190477,1.0454545454545454
129N04407,1.0454545454545454,1.0909090909090908
129N04408,1.0535714285714284,1.0517241379310345
129N04409,1.2916666666666667,1.0
129N04410,1.3225806451612903,1.0
129N04411,1.2,1.0
129N04412,1.2203389830508475,1.0
129N04413,1.4166666666666667,1.0
129N04414,1.4285714285714286,1.0
129N04415,1.449438202247191,1.0416666666666667
129N04416,1.778846153846154,1.0606060606060606
129N04417,1.4000000000000001,1.0263157894736843
129N04418,2.018867924528302,1.0588235294117645
129N04419,2.12,1.0416666666666667
129N04420,1.05,1.033898305084746
129N04421,1.0833333333333335,1.0
129N04423,1.0454545454545454,1.0833333333333335
129N04424,1.0,1.2222222222222223
129N04425,1.037037037037037,1.7714285714285716
129N04426,1.0499999999999998,1.3220338983050848
129N04427,1.121212121212121,1.3
129N04428,1.04,1.7446808510638299
129N04429,3.0377358490566038,1.305263157894737
129N04430,1.037037037037037,2.638888888888889
129N04431,1.0,2.7941176470588234
129N04432,1.0434782608695652,1.0833333333333335
129N04433,1.0555555555555556,1.1052631578947367
129N04434,1.0499999999999998,1.0999999999999999
129N04435,1.0666666666666667,1.0645161290322582
129N04436,1.0,1.0
129N04437,1.0476190476190477,1.0476190476190477
129N04438,1.1428571428571428,1.1428571428571428
129N04439,1.0,1.0
129N04440,1.0,1.0
129N04441,1.0714285714285714,1.0714285714285714
129N04442,1.1111111111111112,1.0
129N04443,1.037037037037037,1.6451612903225807
129N04444,1.0434782608695652,1.75
129N04445,1.0434782608695652,1.0833333333333335
129N04446,1.0465116279069768,1.0444444444444443
129N04447,1.025,1.1219512195121952
129N04448,1.051282051282051,1.0952380952380953
129N04449,1.0238095238095237,1.6170212765957448
129N04450,1.0222222222222221,1.68
129N04451,1.0,1.0
129N04452,2.1875,2.9374999999999996
129N04453,1.0344827586206897,1.0357142857142856
129N04454,1.0952380952380953,1.0476190476190477
129N04455,1.0,1.0476190476190477
129N04456,1.0,1.0454545454545454
129N04457,1.025,1.051282051282051
129N04458,1.048780487804878,1.075
129N04459,1.0,1.1
129N04460,1.0,1.0909090909090908
129N04461,1.0588235294117647,1.08
129N04462,1.0499999999999998,1.0789473684210527
129N04463,1.125,1.125
129N04464,1.03125,1.032258064516129
129N04465,1.0465116279069768,1.0476190476190477
129N04466,1.076923076923077,1.076923076923077
129N04467,1.0,1.1111111111111112
129N04468,1.0,1.0
129N04469,1.0,1.0
129N04479,1.0833333333333335,1.0909090909090908
129N04480,1.1111111111111112,1.0
129N04481,1.0833333333333335,1.0425531914893618
129N04593,1.0,1.0
129N04594,1.1111111111111112,1.1111111111111112
129N04595,1.0999999999999999,1.0999999999999999
129N04596,1.0,1.0
129N04597,1.0526315789473684,1.0526315789473684
129N04598,1.0588235294117645,1.0588235294117645
129N04599,1.076923076923077,1.076923076923077
129N04600,1.0689655172413794,1.0333333333333334
129N04601,1.032258064516129,1.03125
129N04602,1.0333333333333334,1.03125
129N04603,1.0,1.0
129N04604,1.0,1.2
129N04605,1.048780487804878,1.1136363636363635
129N04606,1.0666666666666667,1.2439024390243902
129N04607,1.0,1.1343283582089552
129N04608,1.0384615384615385,1.6358381502890174
129N04609,1.0576923076923077,2.5166666666666666
129N04610,1.051282051282051,1.0975609756097562
129N04611,1.0,1.0476190476190477
129N04612,1.024390243902439,1.048780487804878
129N04613,1.0,1.0588235294117645
129N04614,1.0499999999999998,1.0499999999999998
129N04615,1.0571428571428572,1.0588235294117645
129N04623,1.0,1.0
129N04624,1.08,1.04
129N04625,1.06,1.06
129N04626,1.0625,1.0625
129N04627,1.0476190476190477,1.0476190476190477
129N04628,1.0465116279069768,1.0465116279069768
129N04629,1.0526315789473684,1.0526315789473684
129N04630,1.048780487804878,1.0493827160493827
129N04638,1.0,1.0
129N04639,1.0416666666666667,1.0909090909090908
129N04640,1.0384615384615385,1.0833333333333335
129N04641,1.03125,1.0666666666666667
129N04642,1.0,1.0
129N04643,1.1666666666666667,1.0
129N04644,2.0,1.0
129N04661,1.0666666666666667,1.032258064516129
129N04663,1.0,2.0952380952380953
129N04664,1.0434782608695652,2.423076923076923
129N04665,1.2,1.8333333333333335
129N04666,1.0,1.2
129N04667,1.0384615384615385,1.074074074074074
129N04677,1.0357142857142856,1.1
129N04678,1.0476190476190477,1.173913043478261
129N04743,2.0,1.0
129N04745,1.2857142857142856,1.3333333333333335
129N04746,2.0594059405940595,1.0547945205479452
129N04747,1.2105263157894737,1.4090909090909092
129N04750,1.558139534883721,1.4687499999999998
129N04751,1.4705882352941175,1.2
129N04752,1.2307692307692308,1.1428571428571428
129N04754,2.0,1.0
129N04756,1.272727272727273,1.3333333333333335
129N04762,1.0833333333333335,1.0833333333333335
129N04765,1.0499999999999998,1.051282051282051
129N04766,1.032258064516129,1.0333333333333334
129N04768,1.0196078431372548,1.0192307692307692
129N04770,1.140625,1.0476190476190477
129N04771,1.1166666666666667,1.0434782608695652
129N04772,1.2291666666666667,1.0625
129N04773,1.75,1.0
129N04774,2.0,1.04
129N04775,1.0967741935483872,1.0689655172413794
129N04776,1.1785714285714286,1.0384615384615385
129N04778,1.8333333333333335,1.0
129N04779,2.1818181818181817,1.0909090909090908
129N04782,1.0,1.0
129N04918,1.075,1.1363636363636365
129N04919,1.1324863883847551,1.2739520958083832
129N04920,1.3947368421052633,3.4545454545454546
129N04921,1.4545454545454546,1.0
129N05584,1.2166666666666668,1.21875
129N05858,2.0,1.0
129N05860,1.4999999999999998,1.3333333333333335
129N05861,1.2,1.4545454545454546
129N05862,1.1967213114754098,1.1617647058823528
129N05863,1.277777777777778,1.125
129N05866,1.4583333333333333,1.4074074074074074
129N05867,1.0,1.0444444444444443
129N06438,1.0526315789473684,1.0526315789473684
129N09183,1.0714285714285714,1.1428571428571428
129N09184,1.0526315789473684,1.0526315789473684
129N09185,1.0999999999999999,1.1818181818181819
129N13226,1.0,1.0444444444444443
129N13227,1.1627906976744187,1.1627906976744187
129N13228,1.0,1.0
129N13229,1.0,1.0
129N14199,1.0999999999999999,1.5932203389830508
129N14230,1.0294117647058822,1.0294117647058822
129N16182,1.325,1.0930232558139534
129P04098,1.0508474576271187,1.4679487179487178
129P04099,1.0652173913043477,1.2417582417582416
129P04100,1.0555555555555556,1.3
129P04101,1.0566037735849056,1.15
129P04102,1.1777777777777778,1.5217391304347825
129P04103,3.6249999999999996,1.2589285714285712
129P04104,1.8333333333333333,1.0759493670886076
129P04105,1.4142857142857144,2.0307692307692307
129P04106,1.4499999999999997,2.153846153846154
129P04107,1.3448275862068968,1.8571428571428572
129P04108,1.2771084337349399,1.3018867924528301
129P04109,1.3333333333333335,1.170731707317073
129P04110,1.2444444444444445,1.1126760563380282
129P04111,1.2,1.076923076923077
129P04112,1.1111111111111112,1.0833333333333335
129P04113,1.0396039603960396,1.048780487804878
129P04114,1.0645161290322582,1.04
129P04115,1.1166666666666667,1.625
129P04116,2.523809523809524,1.4404761904761905
129P04119,1.777777777777778,1.24
129P04120,1.5999999999999999,1.25
129P04121,1.4000000000000001,1.2857142857142856
129P04122,1.125,1.32
129P04123,1.0,1.3157894736842106
129P04124,1.076923076923077,1.3416666666666668
129P04125,1.027777777777778,1.2518518518518518
129P04126,1.0357142857142856,1.2252252252252251
129P04127,1.0476190476190477,1.222222222222222
129P04128,1.0540540540540542,1.238938053097345
129P04129,1.0526315789473684,1.2650602409638556
129P04130,1.0540540540540542,1.1797752808988764
129P04131,1.2222222222222223,1.909090909090909
129P04132,2.4210526315789473,1.368421052631579
129P04133,2.342857142857143,1.3666666666666667
129P04134,1.25,1.539473684210526
129P04135,1.0434782608695652,1.3928571428571428
129P04136,1.0,1.6
129P04137,1.0,1.523809523809524
129P04138,1.0454545454545454,1.6896551724137931
129P04139,1.0499999999999998,1.4
129P04140,1.0476190476190477,1.6379310344827587
129P04141,1.1754385964912282,1.704225352112676
129P04142,1.0454545454545454,1.2692307692307692
129P04143,1.0416666666666667,1.1272727272727272
129P04144,1.0645161290322582,1.0625
129P04145,1.0196078431372548,1.0392156862745099
129P04177,1.0625,1.0
129P04178,1.0526315789473684,1.0526315789473684
129P04179,1.0,1.0
129P04180,1.074074074074074,1.037037037037037
129P04181,1.0833333333333335,1.0833333333333335
129P04182,1.0377358490566038,1.0377358490566038
129P04183,1.0645161290322582,1.0666666666666667
129P04184,1.0588235294117645,1.0
129P04185,1.0,1.0
129P04186,1.0,1.0666666666666667
129P04187,1.0588235294117645,1.0294117647058822
129P04188,1.0625,1.0
129P04189,1.0,1.0
129P04190,1.0588235294117645,1.0625
129P04191,3.0999999999999996,1.0625
129P04192,1.2644628099173554,1.0555555555555556
129P04193,1.1506024096385543,1.0508474576271187
129P04194,1.8214285714285714,1.0731707317073171
129P04195,1.7500000000000002,1.0
129P04243,1.05,1.2527472527472527
129P04244,1.0476190476190477,1.2352941176470587
129P04245,1.0,1.0833333333333335
129P04246,1.0499999999999998,1.0909090909090908
129P04247,1.0476190476190477,1.0952380952380953
129P04248,1.032258064516129,1.303030303030303
129P04249,1.0212765957446808,2.0
129P04250,1.0377358490566038,1.2542372881355932
129P04251,1.0476190476190477,1.1363636363636365
129P04252,1.0434782608695652,1.0416666666666667
129P04253,1.0454545454545454,1.0
129P04254,1.0,1.0
129P04262,1.0333333333333334,1.0333333333333334
129P04263,1.0,1.0
129P04264,1.0666666666666667,1.0666666666666667
129P04265,1.0465116279069768,1.0465116279069768
129P04266,1.0,1.25
129P04267,1.0232558139534884,1.0454545454545454
129P04268,1.0408163265306123,1.0196078431372548
129P04269,1.0434782608695652,1.0434782608695652
129P04270,1.025,1.0499999999999998
129P04271,1.04,2.176470588235294
129P04272,2.3,2.5217391304347823
129P04273,1.0384615384615385,1.08
129P04274,1.0555555555555556,1.0
129P04275,1.0714285714285714,1.0714285714285714
129P04276,1.0,1.0
129P04277,1.0,1.0
129P04278,1.0666666666666667,1.0
129P04279,1.0458715596330272,1.046728971962617
129P04280,1.04,1.04
129P04281,1.037037037037037,1.037037037037037
129P04282,1.02,1.0408163265306123
129P04283,1.0396039603960396,1.0505050505050506
129P04284,1.04,1.1372549019607843
129P04285,1.0434782608695652,1.0434782608695652
129P04286,1.0666666666666667,1.0666666666666667
129P04287,1.0303030303030303,1.03125
129P04288,1.0499999999999998,1.025
129P04289,1.0526315789473684,1.0526315789473684
129P04290,1.048780487804878,1.025
129P04291,1.3947368421052633,1.0555555555555556
129P04292,2.1346153846153846,1.0416666666666667
129P04293,1.4210526315789473,1.0
129P04294,1.0784313725490198,1.04
129P04295,1.0217391304347825,1.0869565217391304
129P04296,1.0188679245283019,1.0925925925925926
129P04297,1.0434782608695652,1.0869565217391304
129P04298,1.0,1.0454545454545454
129P04299,1.0499999999999998,1.1052631578947367
129P04300,2.1724137931034484,1.0350877192982457
129P04301,1.5,1.08
129P04302,1.2608695652173911,1.0454545454545454
129P04303,1.048780487804878,1.024390243902439
129P04304,1.0476190476190477,1.0476190476190477
129P04305,1.0,1.0526315789473684
129P04306,2.092436974789916,2.2168674698795177
129P04307,1.1,1.3636363636363635
129P04308,1.0588235294117645,1.263157894736842
129P04309,1.0384615384615385,1.0666666666666667
129P04310,1.0625,1.1176470588235292
129P04311,1.04,1.4038461538461537
129P04312,1.0434782608695652,2.173076923076923
129P04313,1.0526315789473684,1.4545454545454546
129P04314,1.0246913580246912,1.601503759398496
129P04315,1.0,1.4285714285714286
129P04316,1.0,1.7916666666666667
129P04317,1.0294117647058822,2.081081081081081
129P04318,1.0,1.0952380952380953
129P04319,1.037037037037037,1.0178571428571426
129P04320,1.0222222222222221,1.0222222222222221
129P04321,1.0476190476190477,1.0476190476190477
129P04322,1.025,1.051282051282051
129P04323,1.0,1.0
129P04324,1.0,1.0
129P04325,1.0253164556962024,1.0253164556962024
129P04326,1.0727272727272725,1.0545454545454545
129P04327,1.9333333333333331,1.7795275590551178
129P04328,1.1428571428571428,1.108695652173913
129P04329,1.0350877192982457,1.0344827586206897
129P04331,1.0,1.0
129P04332,1.0,1.0
129P04333,1.0,1.0714285714285714
129P04334,1.0,1.0499999999999998
129P04335,1.0,1.0909090909090908
129P04336,1.0,1.0555555555555556
129P04337,1.0,1.0
129P04338,1.0833333333333335,1.0833333333333335
129P04339,1.0909090909090908,1.0909090909090908
129P04340,1.0666666666666667,1.0
129P04341,1.0434782608695652,1.0444444444444443
129P04342,1.0625,1.0434782608695652
129P04343,2.125,1.0666666666666667
129P04344,1.8333333333333335,1.0625
129P04345,1.3392857142857142,1.0588235294117647
129P04346,1.46,1.0425531914893618
129P04347,1.8750000000000002,1.0454545454545454
129P04348,1.4333333333333333,1.0374999999999999
129P04349,2.0,1.0384615384615385
129P04350,1.5298507462686566,1.0196078431372548
129P04351,1.7772511848341233,1.0733333333333335
129P04352,1.53125,1.0625
129P04353,1.6292134831460674,1.0434782608695652
129P04354,1.311926605504587,1.0238095238095237
129P04355,1.1904761904761905,1.037037037037037
129P04356,1.9047619047619049,1.0555555555555556
129P04357,2.3333333333333335,1.0
129P04358,2.7916666666666665,1.0508474576271187
129P04359,1.669811320754717,1.0697674418604652
129P04360,1.4078947368421053,1.0967741935483872
129P04361,1.3888888888888888,1.0
129P04362,1.2341772151898733,1.4090909090909092
129P04363,1.2333333333333334,1.8000000000000003
129P04364,1.2173913043478262,2.0869565217391304
129P04365,1.2777777777777777,1.909090909090909
129P04366,1.046875,1.2251655629139073
129P04367,1.0444444444444443,1.3968253968253967
129P04368,1.0425531914893618,1.471698113207547
129P04369,1.042857142857143,1.6835443037974684
129P04370,1.0465116279069768,1.12
129P04371,1.0533333333333335,1.7281553398058251
129P04372,1.048780487804878,1.3546099290780143
129P04373,1.0263157894736843,1.3019607843137255
129P04374,1.0499999999999998,1.3313253012048194
129P04375,1.074074074074074,1.3118279569892473
129P04376,1.1044776119402984,1.2727272727272727
129P04377,1.0185185185185186,1.3796296296296295
129P04378,1.032258064516129,1.426470588235294
129P04379,1.0499999999999998,1.4819277108433735
129P04380,1.0,1.84
129P04381,1.0434782608695652,1.90625
129P04382,1.0263157894736843,1.5625
129P04383,1.0625,1.0588235294117645
129P04384,1.0517241379310345,1.0327868852459017
129P04385,1.032258064516129,1.0329670329670328
129P04386,1.0499999999999998,1.0499999999999998
129P04387,1.037037037037037,1.0384615384615385
129P04388,1.027777777777778,1.0285714285714287
129P04389,1.0,1.0
129P04390,1.027777777777778,1.0285714285714287
129P04391,1.0263157894736843,1.027027027027027
129P04392,1.0222222222222221,1.0227272727272727
129P04393,1.0416666666666667,1.0208333333333333
129P04394,1.0408163265306123,1.0416666666666667
129P04395,1.03125,1.032258064516129
129P04396,1.048780487804878,1.025
129P04397,1.0444444444444443,1.0465116279069768
129P04398,1.0285714285714287,1.0588235294117645
129P04399,1.02,1.0416666666666667
129P04400,1.0465116279069768,1.0714285714285714
129P04401,1.0869565217391304,1.0434782608695652
129P04402,1.0555555555555556,1.0574712643678161
129P04403,1.0555555555555556,1.0285714285714287
129P04404,1.027777777777778,1.0285714285714287
129P04405,1.0999999999999999,1.0
129P04406,1.1304347826086956,1.0476190476190477
129P04407,2.15,1.0
129P04408,1.4457831325301205,1.0677966101694916
129P04409,1.08,1.2300884955752214
129P04410,1.0,1.2058823529411764
129P04411,1.25,1.1666666666666667
129P04412,1.0714285714285714,1.3181818181818181
129P04413,1.0999999999999999,1.4166666666666667
129P04414,1.1428571428571428,1.125
129P04415,1.025,1.2195121951219512
129P04416,1.08,1.1538461538461537
129P04417,1.0,1.0666666666666667
129P04418,1.0,1.0
129P04419,1.0714285714285714,3.1176470588235294
129P04420,1.0638297872340425,1.3363636363636362
129P04421,1.0833333333333335,1.2272727272727273
129P04423,1.7656249999999998,1.037037037037037
129P04424,1.4285714285714286,1.0
129P04425,1.360655737704918,1.0294117647058822
129P04426,1.3636363636363635,1.0555555555555556
129P04427,1.3150684931506849,1.0833333333333335
129P04428,1.188235294117647,2.111111111111111
129P04429,1.777777777777778,1.0597014925373134
129P04430,1.5625,1.1176470588235294
129P04431,1.3636363636363635,1.272727272727273
129P04432,1.4375,1.6610169491525424
129P04433,1.15,1.5054945054945055
129P04434,1.2105263157894737,1.3750000000000002
129P04435,1.0714285714285714,1.1875
129P04436,1.0,1.0
129P04437,1.0,1.0
129P04438,1.0,1.0999999999999999
129P04439,1.0714285714285714,1.0714285714285714
129P04440,1.0,1.0
129P04441,1.0,1.0
129P04442,1.5714285714285716,1.0303030303030303
129P04443,1.0666666666666667,1.0476190476190477
129P04444,1.0632911392405062,1.0384615384615385
129P04445,1.0476190476190477,1.0476190476190477
129P04446,1.0454545454545454,1.0465116279069768
129P04447,1.0476190476190477,1.024390243902439
129P04448,1.558139534883721,1.025
129P04449,1.6538461538461537,1.0465116279069768
129P04450,1.3798882681564246,1.0208333333333333
129P04451,1.2857142857142858,1.125
129P04452,1.714285714285714,1.4285714285714286
129P04453,1.0576923076923077,1.0576923076923077
129P04454,1.0,1.0476190476190477
129P04455,1.0,1.0416666666666667
129P04456,1.0697674418604652,1.1219512195121952
129P04457,1.0,1.08
129P04458,1.0,1.131578947368421
129P04459,1.1428571428571428,1.1428571428571428
129P04460,1.0,1.135135135135135
129P04461,1.0,1.1515151515151514
129P04462,1.1052631578947367,1.0
129P04463,1.0,1.0
129P04464,1.0294117647058822,1.0606060606060606
129P04465,1.04,1.0408163265306123
129P04466,1.0,1.0
129P04467,1.0999999999999999,1.0
129P04468,1.0,1.0
129P04469,1.1666666666666667,1.1666666666666667
129P04479,1.0909090909090908,1.0
129P04480,1.0,1.125
129P04481,1.0344827586206897,1.0357142857142856
129P04593,1.0,1.0
129P04594,1.0,1.1428571428571428
129P04595,1.0,1.0
129P04596,1.0666666666666667,1.0666666666666667
129P04597,1.0666666666666667,1.0666666666666667
129P04598,1.0666666666666667,1.0666666666666667
129P04599,4.052631578947368,1.0588235294117645
129P04600,2.1487603305785123,1.0363636363636362
129P04601,1.253968253968254,1.0344827586206897
129P04602,1.2499999999999998,1.0526315789473684
129P04603,1.25,1.0434782608695652
129P04604,1.125,1.0
129P04605,1.0571428571428572,1.0294117647058822
129P04606,1.0588235294117645,1.0
129P04607,1.0,1.0
129P04608,1.046875,1.0461538461538462
129P04609,1.0408163265306123,1.0416666666666667
129P04610,1.027027027027027,1.0555555555555556
129P04611,1.048780487804878,1.048780487804878
129P04612,1.0465116279069768,1.0476190476190477
129P04613,1.0,1.0333333333333334
129P04614,1.0465116279069768,1.0232558139534884
129P04615,1.1363636363636365,1.0731707317073171
129P04623,1.0,1.2
129P04624,1.0454545454545454,1.0476190476190477
129P04625,1.0697674418604652,1.0465116279069768
129P04626,1.0576923076923077,1.0576923076923077
129P04627,1.0263157894736843,1.0263157894736843
129P04628,1.0612244897959184,1.0612244897959184
129P04629,1.0681818181818181,1.0681818181818181
129P04630,1.0425531914893618,1.0434782608695652
129P04638,1.0,1.0
129P04639,1.0416666666666667,1.0434782608695652
129P04640,1.0357142857142856,1.0714285714285714
129P04641,1.0208333333333333,2.283018867924528
129P04642,1.5,1.0
129P04643,1.3333333333333335,1.0
129P04644,1.0,1.125
129P04661,1.0333333333333334,1.0344827586206897
129P04663,1.0526315789473684,1.0
129P04664,1.0434782608695652,1.0416666666666667
129P04665,1.032258064516129,1.032258064516129
129P04666,1.0,1.0
129P04667,1.0454545454545454,1.0434782608695652
129P04677,1.4814814814814814,1.0384615384615385
129P04678,1.074074074074074,1.0384615384615385
129P04743,1.0,1.0
129P04745,1.2,1.1428571428571428
129P04746,1.0425531914893618,1.555
129P04747,1.2857142857142856,1.2380952380952381
129P04750,1.4117647058823528,1.7999999999999998
129P04751,1.1875,1.1719745222929936
129P04752,1.1904761904761905,1.2333333333333334
129P04756,1.5999999999999999,1.125
129P04762,1.0666666666666667,1.0
129P04763,2.0,1.0
129P04765,1.0,1.0909090909090908
129P04766,1.1320754716981132,1.0392156862745099
129P04768,1.3617021276595747,1.0333333333333334
129P04771,1.0,1.714285714285714
129P04772,1.0714285714285714,1.3076923076923077
129P04773,1.0,1.25
129P04774,1.0,1.2424242424242422
129P04775,1.032258064516129,1.1904761904761905
129P04776,1.0,1.1538461538461537
129P04779,1.1111111111111112,1.16
129P04781,1.0909090909090908,1.0952380952380953
129P04782,1.1666666666666667,1.0
129P04918,1.0735294117647058,1.7098976109215016
129P04919,1.065,1.1051502145922747
129P04921,1.0,1.7999999999999998
129P05584,1.2040816326530612,1.2884615384615385
129P05858,1.0,2.0
129P05860,1.1538461538461537,1.4
129P05861,1.0,1.2
129P05862,1.3541666666666667,1.2149532710280373
129P05863,1.0731707317073171,1.1304347826086956
129P05866,1.434782608695652,1.326086956521739
129P05867,1.0,1.0909090909090908
129P06438,1.1395348837209303,1.2040816326530612
129P09183,1.125,1.15
129P09184,1.0588235294117645,1.1111111111111112
129P09185,1.5714285714285714,1.35
129P13226,1.0,1.0909090909090908
129P13227,1.0,1.0943396226415094
129P13228,1.0,1.0714285714285714
129P13229,1.0,1.0
129P13797,1.0227272727272727,1.0465116279069768
129P13801,1.03125,1.0606060606060606
129P13881,1.0135135135135136,1.0666666666666667
129P13885,1.0434782608695652,1.0416666666666667
129P14199,2.3,1.5294117647058822
129P14230,1.03125,1.03125
129P16182,1.0357142857142856,1.349206349206349
